"TransactionPostedDate","SettlementId","AmazonTransactionId","SellerReferenceId","TransactionType","AmazonOrderReferenceId","SellerOrderId","StoreName","CurrencyCode","TransactionDescription","TransactionAmount","TransactionPercentageFee","TransactionFixedFee","TotalTransactionFee","NetTransactionAmount",
"2017-11-01T06:47:27 -0700","6488263561","P01-5470426-6013139-C057501","94f3fa2dab1a921e5932f451f8a31881","Capture","P01-5470426-6013139","","","USD","","27.40","-0.66","-0.30","-0.96","26.44"
"2017-11-01T06:48:39 -0700","6488263561","P01-2239099-1671257-C024450","6b0cf77f1c10e1908e26367eeb3002e6","Capture","P01-2239099-1671257","","","USD","","34.11","-0.82","-0.30","-1.12","32.99"
"2017-11-01T06:52:29 -0700","6488263561","P01-5828342-2729988-C023654","ae1aa3730e413df13c37668c4681b43d","Capture","P01-5828342-2729988","","","USD","","34.10","-0.82","-0.30","-1.12","32.98"
"2017-11-01T07:00:36 -0700","6488263561","P01-6273944-1540733-C014914","cc102b9d17d22c8cfda7320a6131e694","Capture","P01-6273944-1540733","","","USD","","534.54","-18.18","-0.30","-18.48","516.06"
"2017-11-01T07:02:40 -0700","6488263561","P01-8900744-2102022-C024255","d340bbb5f63a8a30d3933dd5f94db393","Capture","P01-8900744-2102022","","","USD","","56.11","-1.35","-0.30","-1.65","54.46"
"2017-11-01T07:12:24 -0700","6488263561","P01-5708142-7923981-C065137","a39e5eda447fa1c56356bf3be130fc19","Capture","P01-5708142-7923981","","","USD","","28.36","-0.68","-0.30","-0.98","27.38"
"2017-11-01T07:32:28 -0700","6488263561","P01-2155191-4805429-C087555","552387b293e951f169b59aed773e2c2b","Capture","P01-2155191-4805429","","","USD","","62.55","-1.50","-0.30","-1.80","60.75"
"2017-11-01T07:40:55 -0700","6488263561","P01-1464191-3783109-C096936","9dea43a435c940b62b8ce4a40fdbb27c","Capture","P01-1464191-3783109","","","USD","","165.35","-3.97","-0.30","-4.27","161.08"
"2017-11-01T07:42:55 -0700","6488263561","P01-2097603-3492032-C011285","dfd204321e5a5c0d99d583c181da8c94","Capture","P01-2097603-3492032","","","USD","","24.16","-0.58","-0.30","-0.88","23.28"
"2017-11-01T07:54:45 -0700","6488263561","P01-1074757-3048521-C030514","341a12f6fed5731397b97b16437e8856","Capture","P01-1074757-3048521","","","USD","","32.30","-0.78","-0.30","-1.08","31.22"
"2017-11-01T07:58:42 -0700","6488263561","P01-1280704-1078969-C070043","ff6fa70aaf790b26fa5bded533945f41","Capture","P01-1280704-1078969","","","USD","","64.21","-1.54","-0.30","-1.84","62.37"
"2017-11-01T07:59:26 -0700","6488263561","P01-9343187-6814094-C044836","adc18e32879f31253e101b7eaed2b23b","Capture","P01-9343187-6814094","","","USD","","57.56","-1.96","-0.30","-2.26","55.30"
"2017-11-01T08:00:46 -0700","6488263561","P01-1971769-3152347-C018826","830617f9debae76ea7c71b74375fc904","Capture","P01-1971769-3152347","","","USD","","87.95","-2.11","-0.30","-2.41","85.54"
"2017-11-01T08:03:13 -0700","6488263561","P01-5874964-1675479-C067246","7e5b346ff26700ca8556d744d89d8a46","Capture","P01-5874964-1675479","","","USD","","12.17","-0.29","-0.30","-0.59","11.58"
"2017-11-01T08:11:31 -0700","6488263561","P01-9170769-0157022-C050946","b79e1b1209abe17128cd85767b083de6","Capture","P01-9170769-0157022","","","USD","","44.25","-1.06","-0.30","-1.36","42.89"
"2017-11-01T08:11:43 -0700","6488263561","P01-1191923-7197558-C065873","25e0b42818a7774f35dfb7cd0d66c8f1","Capture","P01-1191923-7197558","","","USD","","141.02","-3.38","-0.30","-3.68","137.34"
"2017-11-01T08:13:35 -0700","6488263561","P01-8187289-9743218-C017399","2b138577ae9c4fcf78adf34cf0575c8b","Capture","P01-8187289-9743218","","","USD","","89.97","-2.16","-0.30","-2.46","87.51"
"2017-11-01T08:13:51 -0700","6488263561","P01-2249483-7719102-C082102","402528a3472c5056834065a3d20b6cc2","Capture","P01-2249483-7719102","","","USD","","268.80","-6.45","-0.30","-6.75","262.05"
"2017-11-01T08:21:12 -0700","6488263561","P01-0772933-5663139-C006311","98a0fda62c548c2203331913bd205fcd","Capture","P01-0772933-5663139","","","USD","","75.65","-1.82","-0.30","-2.12","73.53"
"2017-11-01T08:29:08 -0700","6488263561","P01-9678767-6864107-C026777","9ba16bd50af7075dc00bc6dae74ebbdf","Capture","P01-9678767-6864107","","","USD","","34.01","-0.82","-0.30","-1.12","32.89"
"2017-11-01T08:29:37 -0700","6488263561","P01-1533000-4263707-C050980","3491f98b1787a847ad00349398d5cdf1","Capture","P01-1533000-4263707","","","USD","","102.16","-2.45","-0.30","-2.75","99.41"
"2017-11-01T08:30:03 -0700","6488263561","P01-0609129-4634403-C024704","fdefcf2678f99eff181a1f437cd3cfdc","Capture","P01-0609129-4634403","","","USD","","94.11","-2.26","-0.30","-2.56","91.55"
"2017-11-01T08:30:53 -0700","6488263561","P01-1697875-5248801-C088341","a4b3aaf65e2751e277aec0745265f168","Capture","P01-1697875-5248801","","","USD","","37.77","-0.91","-0.30","-1.21","36.56"
"2017-11-01T08:39:13 -0700","6488263561","P01-4235680-5911998-C054277","29f7e3c8cc43741abb9339416181a7db","Capture","P01-4235680-5911998","","","USD","","202.15","-4.85","-0.30","-5.15","197.00"
"2017-11-01T08:42:53 -0700","6488263561","P01-4869616-1604045-C073599","75f716eb3db6fd18d39cc0a1e8885340","Capture","P01-4869616-1604045","","","USD","","68.13","-2.32","-0.30","-2.62","65.51"
"2017-11-01T08:45:31 -0700","6488263561","P01-3988995-0841591-C064354","ce224a935a36a56b3c6ea40ca3fc2466","Capture","P01-3988995-0841591","","","USD","","54.11","-1.30","-0.30","-1.60","52.51"
"2017-11-01T08:55:47 -0700","6488263561","P01-3000632-5890381-C004959","367dff6a6c89846a1c508cbc8c365e39","Capture","P01-3000632-5890381","","","USD","","18.90","-0.45","-0.30","-0.75","18.15"
"2017-11-01T08:56:18 -0700","6488263561","P01-7277228-3860466-C053521","275c29eaa8533e7ca4f0251c74299dbd","Capture","P01-7277228-3860466","","","USD","","83.71","-2.01","-0.30","-2.31","81.40"
"2017-11-01T08:58:21 -0700","6488263561","P01-3713270-3519299-C004323","0bf38037016036213aa3ba9c32d89238","Capture","P01-3713270-3519299","","","USD","","173.14","-4.16","-0.30","-4.46","168.68"
"2017-11-01T09:07:53 -0700","6488263561","P01-9779003-7581248-C073391","35704efed0065c9a212650e7eebde21c","Capture","P01-9779003-7581248","","","USD","","92.50","-2.22","-0.30","-2.52","89.98"
"2017-11-01T09:09:27 -0700","6488263561","P01-1396646-7469733-C044465","5dd6f7039a9069cfb7aa55523830cf9d","Capture","P01-1396646-7469733","","","USD","","152.25","-3.65","-0.30","-3.95","148.30"
"2017-11-01T09:13:02 -0700","6488263561","P01-0462080-4370323-C023393","93ab22ee23c51cc5c6753e8745475f18","Capture","P01-0462080-4370323","","","USD","","77.36","-1.86","-0.30","-2.16","75.20"
"2017-11-01T09:26:31 -0700","6488263561","P01-0459807-6164450-C034730","6910f61a0308889dd093bd0f2e1c4aa6","Capture","P01-0459807-6164450","","","USD","","43.31","-1.04","-0.30","-1.34","41.97"
"2017-11-01T09:30:39 -0700","6488263561","P01-4665655-2127588-C079983","17c885729f36e6af5e959bff2d0a7e76","Capture","P01-4665655-2127588","","","USD","","48.28","-1.16","-0.30","-1.46","46.82"
"2017-11-01T09:34:00 -0700","6488263561","P01-9504264-3841964-C024373","81e9e89daf17bae2277ceb04f37f0861","Capture","P01-9504264-3841964","","","USD","","71.61","-1.72","-0.30","-2.02","69.59"
"2017-11-01T09:36:23 -0700","6488263561","P01-0455553-1888588-C009825","505673c809841d8406cd3c55b472a1af","Capture","P01-0455553-1888588","","","USD","","42.96","-1.03","-0.30","-1.33","41.63"
"2017-11-01T09:37:12 -0700","6488263561","P01-4448282-3701637-C071625","bf3ee68c22522a9de5ee381e7baefe47","Capture","P01-4448282-3701637","","","USD","","79.00","-1.90","-0.30","-2.20","76.80"
"2017-11-01T09:39:44 -0700","6488263561","P01-7005706-9506221-C073521","ead4056678c4cf89fa1c55b6ec02035c","Capture","P01-7005706-9506221","","","USD","","121.92","-2.93","-0.30","-3.23","118.69"
"2017-11-01T09:40:50 -0700","6488263561","P01-1491615-0880573-C020545","5f99d43f2b1806ae54a6a659e29a21b0","Capture","P01-1491615-0880573","","","USD","","174.45","-4.19","-0.30","-4.49","169.96"
"2017-11-01T09:48:14 -0700","6488263561","P01-5436143-8218121-C097511","7a44a260fb48b000efcd084237792366","Capture","P01-5436143-8218121","","","USD","","177.51","-6.04","-0.30","-6.34","171.17"
"2017-11-01T09:55:23 -0700","6488263561","P01-9190200-8576348-C025267","1a037b64d4a1a66507213620921f1427","Capture","P01-9190200-8576348","","","USD","","20.96","-0.50","-0.30","-0.80","20.16"
"2017-11-01T10:04:10 -0700","6488263561","P01-2347792-3171420-C090796","e2c7a984b1ef60c931a198e885c66b3a","Capture","P01-2347792-3171420","","","USD","","244.55","-8.32","-0.30","-8.62","235.93"
"2017-11-01T10:11:25 -0700","6488263561","P01-6275260-1309286-C019958","c3f68235c07452ef54745a1d59530aae","Capture","P01-6275260-1309286","","","USD","","353.39","-12.01","-0.30","-12.31","341.08"
"2017-11-01T10:11:44 -0700","6488263561","P01-7490808-4763305-C041806","ca787a2ddfeed7386839158077c67bba","Capture","P01-7490808-4763305","","","USD","","19.16","-0.46","-0.30","-0.76","18.40"
"2017-11-01T10:19:11 -0700","6488263561","P01-6681052-3532929-C008650","464c415b3961bd9d9f03213c222e4c9b","Capture","P01-6681052-3532929","","","USD","","94.16","-2.26","-0.30","-2.56","91.60"
"2017-11-01T10:19:28 -0700","6488263561","P01-5038848-2909856-C088672","678b69f890d6fc7057a7fa0aac8f734b","Capture","P01-5038848-2909856","","","USD","","66.76","-1.60","-0.30","-1.90","64.86"
"2017-11-01T10:21:34 -0700","6489099351","P01-3056506-3026558-C072357","c326882d0b43535772ca3d74a4dfa4c7","Capture","P01-3056506-3026558","","","USD","","86.25","-2.07","-0.30","-2.37","83.88"
"2017-11-01T10:27:33 -0700","6489099351","P01-9589443-1240587-C059204","40994dd4af1249d95c8d70bb18e556a2","Capture","P01-9589443-1240587","","","USD","","331.52","-7.96","-0.30","-8.26","323.26"
"2017-11-01T10:28:05 -0700","6489099351","P01-0895150-6286463-C024479","d9bd3aae588edea0c46ab21a5a1ed409","Capture","P01-0895150-6286463","","","USD","","229.65","-5.51","-0.30","-5.81","223.84"
"2017-11-01T10:32:40 -0700","6489099351","P01-8528968-8566244-C070254","0a00abab024e23296145381d4b2939b3","Capture","P01-8528968-8566244","","","USD","","340.48","-8.17","-0.30","-8.47","332.01"
"2017-11-01T10:34:25 -0700","6489099351","P01-7189059-9091295-C000646","de8c93d562970d944fede3159a5b63aa","Capture","P01-7189059-9091295","","","USD","","26.10","-0.63","-0.30","-0.93","25.17"
"2017-11-01T10:36:05 -0700","6489099351","P01-4227370-1498431-C084710","974d8eec6bada0bf50f1891de4408fcb","Capture","P01-4227370-1498431","","","USD","","44.11","-1.06","-0.30","-1.36","42.75"
"2017-11-01T10:42:41 -0700","6489099351","","","Reserve","","","","USD","Previous Reserve Balance","149.11","0","0","0","149.11"
"2017-11-01T10:42:41 -0700","6488263561","","","Reserve","","","","USD","Current Reserve Balance","-149.11","0","0","0","-149.11"
"2017-11-01T10:43:52 -0700","6489099351","P01-5592844-8156856-C041839","01a3920491f9ffe99fecf984625d51e3","Capture","P01-5592844-8156856","","","USD","","93.30","-2.24","-0.30","-2.54","90.76"
"2017-11-01T10:47:03 -0700","6489099351","P01-5112057-2987138-C001582","d779a7435f82ccc0a4106642d70d7022","Capture","P01-5112057-2987138","","","USD","","31.06","-0.75","-0.30","-1.05","30.01"
"2017-11-01T10:50:07 -0700","6489099351","P01-3247738-0156966-C093192","f3d042b2b6bb9af1b2776c17126f4739","Capture","P01-3247738-0156966","","","USD","","14.11","-0.34","-0.30","-0.64","13.47"
"2017-11-01T10:50:37 -0700","6489099351","P01-9465536-1909870-C002706","f4e2e43ba60363f1101aa8bf6c39c72f","Capture","P01-9465536-1909870","","","USD","","22.05","-0.53","-0.30","-0.83","21.22"
"2017-11-01T10:53:12 -0700","6489099351","P01-9841989-2994675-C031232","3bf0a82efcbf4c862e1cce8978ac2ffa","Capture","P01-9841989-2994675","","","USD","","53.85","-1.29","-0.30","-1.59","52.26"
"2017-11-01T10:56:37 -0700","6489099351","P01-7395537-1787651-C012026","c3d94ff1f64e4e1a9b105323213a388f","Capture","P01-7395537-1787651","","","USD","","42.07","-1.01","-0.30","-1.31","40.76"
"2017-11-01T10:58:51 -0700","6489099351","P01-5142473-9066480-C013504","121139169a90d1ce0d89772840898023","Capture","P01-5142473-9066480","","","USD","","40.05","-0.96","-0.30","-1.26","38.79"
"2017-11-01T10:58:51 -0700","6489099351","P01-6628940-0256595-C039759","3e2d071ac9d770c0123e2f700ec65a02","Capture","P01-6628940-0256595","","","USD","","43.81","-1.05","-0.30","-1.35","42.46"
"2017-11-01T10:59:53 -0700","6489099351","P01-3657868-9976901-C059378","ba56dd378229374b4c93fea29dca9e3d","Capture","P01-3657868-9976901","","","USD","","28.00","-0.67","-0.30","-0.97","27.03"
"2017-11-01T11:02:21 -0700","6489099351","P01-4499995-0578108-C061300","39b1c0ca8b58647d2262c9b5f0648ba0","Capture","P01-4499995-0578108","","","USD","","31.00","-0.74","-0.30","-1.04","29.96"
"2017-11-01T11:04:05 -0700","6489099351","P01-0929868-7643866-C001778","a08d0d9b35f2c8ebb2b8c247726c2707","Capture","P01-0929868-7643866","","","USD","","109.58","-2.63","-0.30","-2.93","106.65"
"2017-11-01T11:05:47 -0700","6489099351","P01-9513656-1489798-C085390","27fef81b1b9bfb9329522486d8ae2859","Capture","P01-9513656-1489798","","","USD","","42.55","-1.02","-0.30","-1.32","41.23"
"2017-11-01T11:38:40 -0700","6489099351","P01-2485161-1821374-C087683","461961292144b7aa1ae096ea7144bc9f","Capture","P01-2485161-1821374","","","USD","","21.08","-0.51","-0.30","-0.81","20.27"
"2017-11-01T11:47:04 -0700","6489099351","P01-4314144-4598312-C021788","729eefbffa7dcf89cd322670bb275ad6","Capture","P01-4314144-4598312","","","USD","","93.40","-2.24","-0.30","-2.54","90.86"
"2017-11-01T11:59:46 -0700","6489099351","P01-8221907-2709258-C075914","9a055b5e50eac3b65477e9e981a94ef5","Capture","P01-8221907-2709258","","","USD","","37.95","-0.91","-0.30","-1.21","36.74"
"2017-11-01T12:06:46 -0700","6489099351","P01-7254951-1947591-C016712","5faf62f28d081f4fe4536e690bddea2e","Capture","P01-7254951-1947591","","","USD","","16.28","-0.39","-0.30","-0.69","15.59"
"2017-11-01T12:08:30 -0700","6489099351","P01-9697520-3917703-C050861","08ec9168c178234e252509b52738224e","Capture","P01-9697520-3917703","","","USD","","154.00","-3.70","-0.30","-4.00","150.00"
"2017-11-01T12:10:00 -0700","6489099351","P01-9203374-0471240-C086697","8aceff62f4cbf2814b85753f02719a3e","Capture","P01-9203374-0471240","","","USD","","325.00","-7.80","-0.30","-8.10","316.90"
"2017-11-01T12:18:35 -0700","6489099351","P01-6672220-1483860-C064916","ab4797d4a24124481867d4834e37311c","Capture","P01-6672220-1483860","","","USD","","9.80","-0.28","-0.05","-0.33","9.47"
"2017-11-01T12:18:52 -0700","6489099351","P01-1389143-4492948-C079071","fc08c5b0aa7d9afaa93fd5588842df40","Capture","P01-1389143-4492948","","","USD","","15.10","-0.36","-0.30","-0.66","14.44"
"2017-11-01T12:20:22 -0700","6489099351","P01-5460327-1450851-C062479","4d0a9971c1a2fb23fe8f3d43d9ccf71d","Capture","P01-5460327-1450851","","","USD","","40.43","-0.97","-0.30","-1.27","39.16"
"2017-11-01T12:26:09 -0700","6489099351","P01-3519493-0134412-C048743","09041ddc1b630ee03254be22d6bce16a","Capture","P01-3519493-0134412","","","USD","","54.00","-1.30","-0.30","-1.60","52.40"
"2017-11-01T12:36:16 -0700","6489099351","P01-3156463-9929351-C018998","cd19e844f961c15105c7be1e1feda637","Capture","P01-3156463-9929351","","","USD","","60.90","-1.46","-0.30","-1.76","59.14"
"2017-11-01T12:38:27 -0700","6489099351","P01-4648765-1637359-C011450","20a1eb45c41b8cdc57606408905d15b1","Capture","P01-4648765-1637359","","","USD","","493.01","-11.83","-0.30","-12.13","480.88"
"2017-11-01T12:41:18 -0700","6489099351","P01-8256164-9325441-C074352","18c3413b4ee8ee59c77e043ea6eb7b99","Capture","P01-8256164-9325441","","","USD","","24.85","-0.60","-0.30","-0.90","23.95"
"2017-11-01T12:42:14 -0700","6489099351","P01-2116929-8152521-C090261","d54c597a3a7a6a972938cae0619f9cee","Capture","P01-2116929-8152521","","","USD","","167.18","-4.01","-0.30","-4.31","162.87"
"2017-11-01T12:42:50 -0700","6489099351","P01-7714548-6340595-C096209","98189b3c2e4b06d317957986dd6319f2","Capture","P01-7714548-6340595","","","USD","","10.65","-0.26","-0.30","-0.56","10.09"
"2017-11-01T12:49:38 -0700","6489099351","P01-2356480-4485068-C085587","8b0d704dd78f89f0cffdf5b966b14c75","Capture","P01-2356480-4485068","","","USD","","14.11","-0.48","-0.30","-0.78","13.33"
"2017-11-01T12:51:19 -0700","6489099351","P01-1371765-6636150-C041095","6f65ea22a6c23248bd5cade1fb553c6c","Capture","P01-1371765-6636150","","","USD","","133.66","-3.21","-0.30","-3.51","130.15"
"2017-11-01T12:53:41 -0700","6489099351","P01-8112463-1527517-C079431","57dc011954e9875e386a96406f32fa27","Capture","P01-8112463-1527517","","","USD","","35.85","-0.86","-0.30","-1.16","34.69"
"2017-11-01T13:08:57 -0700","6489099351","P01-6083514-6195423-C065156","62fa5bd031b9669093c4c44a9455ecae","Capture","P01-6083514-6195423","","","USD","","55.06","-1.32","-0.30","-1.62","53.44"
"2017-11-01T13:14:56 -0700","6489099351","P01-3746744-6909703-C000575","d03e981b22b32a3781f645e5d44ab22c","Capture","P01-3746744-6909703","","","USD","","92.12","-2.21","-0.30","-2.51","89.61"
"2017-11-01T13:15:10 -0700","6489099351","P01-0710527-5623505-C048564","841651629610a8ab23019a6ea043b664","Capture","P01-0710527-5623505","","","USD","","25.00","-0.60","-0.30","-0.90","24.10"
"2017-11-01T13:16:05 -0700","6489099351","P01-1817518-8909389-C096688","9eec6f9c966ed5e0e7c121fb2e532376","Capture","P01-1817518-8909389","","","USD","","43.66","-1.05","-0.30","-1.35","42.31"
"2017-11-01T13:17:01 -0700","6489099351","P01-0987212-8108983-C023232","96c5a23c006d95cf0ca361f2a4521da5","Capture","P01-0987212-8108983","","","USD","","15.00","-0.36","-0.30","-0.66","14.34"
"2017-11-01T13:17:13 -0700","6489099351","P01-4155176-6393681-C021244","381c3dc33da8d5df7a4619b7c0328c59","Capture","P01-4155176-6393681","","","USD","","79.70","-1.91","-0.30","-2.21","77.49"
"2017-11-01T13:18:13 -0700","6489099351","P01-3388124-4715629-C067809","aca6a5c6dcbbf1bd5de549fd0eeac148","Capture","P01-3388124-4715629","","","USD","","35.77","-0.86","-0.30","-1.16","34.61"
"2017-11-01T13:26:23 -0700","6489099351","P01-3392918-3913079-C008054","a3b5ff49bbf7eb06a1c3c59cf7774bbb","Capture","P01-3392918-3913079","","","USD","","14.05","-0.34","-0.30","-0.64","13.41"
"2017-11-01T13:27:14 -0700","6489099351","P01-6088186-2029017-C040752","94b1cfc7dbbf5ee94f0acfe041287b21","Capture","P01-6088186-2029017","","","USD","","79.16","-1.90","-0.30","-2.20","76.96"
"2017-11-01T13:35:32 -0700","6489099351","P01-0108089-0010954-C015900","60580c2ebf8d1ccdc3d824362bed817c","Capture","P01-0108089-0010954","","","USD","","29.00","-0.70","-0.30","-1.00","28.00"
"2017-11-01T13:38:07 -0700","6489099351","P01-1680864-7967754-C083142","a6abea85dd97f787a6c5f7b885a08300","Capture","P01-1680864-7967754","","","USD","","14.05","-0.34","-0.30","-0.64","13.41"
"2017-11-01T13:42:16 -0700","6489099351","P01-2188164-7383438-C050306","77dbb628459c4e6a1eb9077879f1b52b","Capture","P01-2188164-7383438","","","USD","","53.72","-1.29","-0.30","-1.59","52.13"
"2017-11-01T13:46:35 -0700","6489099351","P01-0122360-5013098-R042925","c521c73c7f34cc5198c48c0abe1512ed","Refund","P01-0122360-5013098","","","USD","","-32.45","0.78","0","0.78","-31.67"
"2017-11-01T14:14:07 -0700","6489099351","P01-5523767-2939738-C007013","c9987290fdf13849b207da3d40aa7317","Capture","P01-5523767-2939738","","","USD","","56.85","-1.36","-0.30","-1.66","55.19"
"2017-11-01T14:21:52 -0700","6489099351","P01-2536143-3963371-C036727","a17038538059e06c554eeeecf690a1d0","Capture","P01-2536143-3963371","","","USD","","47.93","-1.15","-0.30","-1.45","46.48"
"2017-11-01T14:23:34 -0700","6489099351","P01-2410178-6659169-C015177","408f75cff599fbb41565d95562af7d07","Capture","P01-2410178-6659169","","","USD","","47.45","-1.14","-0.30","-1.44","46.01"
"2017-11-01T14:25:11 -0700","6489099351","P01-1794035-1278480-C005788","bcf7468f2773fb81cc6fc5a334d19f9f","Capture","P01-1794035-1278480","","","USD","","34.98","-0.84","-0.30","-1.14","33.84"
"2017-11-01T14:27:37 -0700","6489099351","P01-2232214-4597338-R034354","ad5afa14fe21f9bf19a58ed609090c48","Refund","P01-2232214-4597338","","","USD","","-705.38","16.93","0","16.93","-688.45"
"2017-11-01T16:00:38 -0700","6489099351","","","Transfer","","","","USD","Disbursement_AccountEndingWithAndWithTraceId","-8,141.87","0","0","0","-8,141.87"
"2017-11-01T18:12:19 -0700","6489099351","P01-4934454-5871551-R067055","b7bfb88948d2e3c9f37bfb300e7adadc","Refund","P01-4934454-5871551","","","USD","","-59.95","1.44","0","1.44","-58.51"
"2017-11-02T06:21:01 -0700","6489099351","P01-9833178-7812536-C018847","d74640156efe998b8124095a0d5f775b","Capture","P01-9833178-7812536","","","USD","","84.95","-2.04","-0.30","-2.34","82.61"
"2017-11-02T07:05:01 -0700","6489099351","P01-9835658-7249034-C045047","ad4a3ad42eb047a947d5bbe9c0bb93f7","Capture","P01-9835658-7249034","","","USD","","208.08","-4.99","-0.30","-5.29","202.79"
"2017-11-02T07:06:34 -0700","6489099351","P01-5752638-3270743-C093503","4e058cff357c51f1d927e298ba26cc8c","Capture","P01-5752638-3270743","","","USD","","879.55","-29.91","-0.30","-30.21","849.34"
"2017-11-02T07:12:13 -0700","6489099351","P01-8172504-2730332-C078797","16cd1aba14454de3e622512704f9c44e","Capture","P01-8172504-2730332","","","USD","","104.85","-2.52","-0.30","-2.82","102.03"
"2017-11-02T07:13:12 -0700","6489099351","P01-2857704-3428138-C075204","9d0aecd21cef20b618c6837e64e504b9","Capture","P01-2857704-3428138","","","USD","","99.19","-2.38","-0.30","-2.68","96.51"
"2017-11-02T07:19:16 -0700","6489099351","P01-2500089-3506755-C017907","9585e093add980719309e0065b6eeaea","Capture","P01-2500089-3506755","","","USD","","120.42","-2.89","-0.30","-3.19","117.23"
"2017-11-02T07:36:57 -0700","6489099351","P01-3299377-7059824-C053606","2022fe1ecb748a63a54174cfee5c3a80","Capture","P01-3299377-7059824","","","USD","","34.11","-0.82","-0.30","-1.12","32.99"
"2017-11-02T07:45:00 -0700","6489099351","P01-6492118-7456112-C016189","5e13722184245a562ae8b2838e942fbb","Capture","P01-6492118-7456112","","","USD","","295.35","-10.04","-0.30","-10.34","285.01"
"2017-11-02T07:53:19 -0700","6489099351","P01-1479927-1755360-C073602","d68d3d448a29dab58824c7cc4d826a10","Capture","P01-1479927-1755360","","","USD","","430.27","-10.33","-0.30","-10.63","419.64"
"2017-11-02T07:54:00 -0700","6489099351","P01-4444740-8117627-C099454","6f87ca74f346e12573fb9795a72f888d","Capture","P01-4444740-8117627","","","USD","","324.17","-11.02","-0.30","-11.32","312.85"
"2017-11-02T07:59:38 -0700","6489099351","P01-0921407-3892797-C065921","69430fe3757fff3b0f5bdb894b8d413b","Capture","P01-0921407-3892797","","","USD","","155.51","-3.73","-0.30","-4.03","151.48"
"2017-11-02T08:03:34 -0700","6489099351","P01-6873178-1136369-C001664","4fffe77e3360677fb37ece651d2f9caa","Capture","P01-6873178-1136369","","","USD","","15.11","-0.36","-0.30","-0.66","14.45"
"2017-11-02T08:04:33 -0700","6489099351","P01-5154881-0626777-C001544","6da619ec0f558b342f429e0af2bf67cf","Capture","P01-5154881-0626777","","","USD","","47.07","-1.13","-0.30","-1.43","45.64"
"2017-11-02T08:04:39 -0700","6489099351","P01-4939364-0280015-C034063","d5933b629ea6cf55a10a33fb3233c682","Capture","P01-4939364-0280015","","","USD","","59.60","-1.43","-0.30","-1.73","57.87"
"2017-11-02T08:05:18 -0700","6489099351","P01-7996112-3300152-C098938","6754a8ee46f24038021c857635f9ba41","Capture","P01-7996112-3300152","","","USD","","44.36","-1.06","-0.30","-1.36","43.00"
"2017-11-02T08:09:31 -0700","6489099351","P01-5226418-7643569-C007541","5d9bb5ae14fb34ae03d2a2d51ff47390","Capture","P01-5226418-7643569","","","USD","","38.41","-0.92","-0.30","-1.22","37.19"
"2017-11-02T08:10:19 -0700","6489099351","P01-0824257-7223250-C031347","9906804ef19ac610fdc5aa07f844d0da","Capture","P01-0824257-7223250","","","USD","","23.05","-0.55","-0.30","-0.85","22.20"
"2017-11-02T08:25:39 -0700","6489099351","P01-2486598-5729953-C038636","dd79630b4da1e9cd4ac1fc9987e1be4c","Capture","P01-2486598-5729953","","","USD","","69.01","-1.66","-0.30","-1.96","67.05"
"2017-11-02T08:28:22 -0700","6489099351","P01-9177616-5972914-C061195","439db5749521259e0ee9014caae5f467","Capture","P01-9177616-5972914","","","USD","","46.57","-1.12","-0.30","-1.42","45.15"
"2017-11-02T08:31:20 -0700","6489099351","P01-8719289-8505598-C036909","199d03559af306a54b56320f7af6cb61","Capture","P01-8719289-8505598","","","USD","","60.32","-1.45","-0.30","-1.75","58.57"
"2017-11-02T08:32:16 -0700","6489099351","P01-4165617-4836046-C069739","a1c4e6238bb6b5a00a9787d7255de1dd","Capture","P01-4165617-4836046","","","USD","","93.91","-2.25","-0.30","-2.55","91.36"
"2017-11-02T08:34:53 -0700","6489099351","P01-6388952-9783112-C080489","008a0fe10b5afeae0944ae42c4d5fae6","Capture","P01-6388952-9783112","","","USD","","19.10","-0.46","-0.30","-0.76","18.34"
"2017-11-02T08:38:30 -0700","6489099351","P01-9684690-5440645-C024848","02f05fe0d1c7c8d74966dd990acd8944","Capture","P01-9684690-5440645","","","USD","","67.36","-1.62","-0.30","-1.92","65.44"
"2017-11-02T08:44:34 -0700","6489099351","P01-6476851-0648487-C000472","371c97ed18aae6a5dc866b3fea907cce","Capture","P01-6476851-0648487","","","USD","","28.96","-0.70","-0.30","-1.00","27.96"
"2017-11-02T08:48:38 -0700","6489099351","P01-2056702-6376756-C092811","626c61865d3a20313bc4342354e11805","Capture","P01-2056702-6376756","","","USD","","115.06","-2.76","-0.30","-3.06","112.00"
"2017-11-02T08:50:25 -0700","6489099351","P01-3193223-8597645-C039284","9e8e6e31537742a273f2c55cb0da6838","Capture","P01-3193223-8597645","","","USD","","43.46","-1.04","-0.30","-1.34","42.12"
"2017-11-02T08:51:59 -0700","6489099351","P01-2332615-3309494-C064835","6cdf87265a781a400965260838fce80e","Capture","P01-2332615-3309494","","","USD","","114.00","-2.74","-0.30","-3.04","110.96"
"2017-11-02T08:53:40 -0700","6489099351","P01-7656681-3474715-C020997","c9d71ad9811d63ccc6d547c6f4b5500f","Capture","P01-7656681-3474715","","","USD","","106.52","-2.56","-0.30","-2.86","103.66"
"2017-11-02T08:55:05 -0700","6489099351","P01-0112540-9116391-C024247","fa9e30178635c35eb26b2bd11ace24a8","Capture","P01-0112540-9116391","","","USD","","168.86","-4.05","-0.30","-4.35","164.51"
"2017-11-02T08:56:36 -0700","6489099351","P01-9735891-1583802-C017937","0cad41573ce1cf18d7eeb4d343dc392e","Capture","P01-9735891-1583802","","","USD","","33.00","-0.79","-0.30","-1.09","31.91"
"2017-11-02T08:57:19 -0700","6489099351","P01-9343016-8433461-C029096","41e2abeda9a2a821cce3002c56ddb2ab","Capture","P01-9343016-8433461","","","USD","","19.80","-0.48","-0.30","-0.78","19.02"
"2017-11-02T09:04:02 -0700","6489099351","P01-2538348-5684629-C028188","016cbcfc730cd14fb98ace0e45a9ef84","Capture","P01-2538348-5684629","","","USD","","47.16","-1.13","-0.30","-1.43","45.73"
"2017-11-02T09:09:28 -0700","6489099351","P01-2284751-3734535-C007112","57825fdbe36b1777c056a316c6755c16","Capture","P01-2284751-3734535","","","USD","","325.20","-7.80","-0.30","-8.10","317.10"
"2017-11-02T09:10:52 -0700","6489099351","P01-9142548-0817399-C089270","8206f7276374b0188ea0607abb9a04e6","Capture","P01-9142548-0817399","","","USD","","28.25","-0.68","-0.30","-0.98","27.27"
"2017-11-02T09:27:21 -0700","6489099351","P01-7342929-3345515-C011552","91f9707969e9e260f046f48184454de6","Capture","P01-7342929-3345515","","","USD","","29.00","-0.70","-0.30","-1.00","28.00"
"2017-11-02T09:37:26 -0700","6489099351","P01-0708060-8208440-C083756","c698c8452c82acb004ed14c67ab14c18","Capture","P01-0708060-8208440","","","USD","","9.00","-0.26","-0.05","-0.31","8.69"
"2017-11-02T09:42:16 -0700","6489099351","P01-2824190-5571072-C099555","3a58dc48839372cb41586e54344c0f20","Capture","P01-2824190-5571072","","","USD","","94.11","-2.26","-0.30","-2.56","91.55"
"2017-11-02T09:42:19 -0700","6489099351","P01-1811524-8797703-C024882","f861ba9cb13bfa441e2883d35c7f2430","Capture","P01-1811524-8797703","","","USD","","22.12","-0.53","-0.30","-0.83","21.29"
"2017-11-02T09:47:22 -0700","6489099351","P01-0358065-0033305-C041745","bbb5ee2685ac2223556baad7c72f3ec2","Capture","P01-0358065-0033305","","","USD","","10.55","-0.25","-0.30","-0.55","10.00"
"2017-11-02T09:51:18 -0700","6489099351","P01-1881313-6621043-C044280","8f7e804efe8969d888bd5bc3b77e118b","Capture","P01-1881313-6621043","","","USD","","57.55","-1.38","-0.30","-1.68","55.87"
"2017-11-02T09:53:02 -0700","6489099351","P01-1326947-9589181-C048113","5168ccd988ed5ea465fb8031492ac5ad","Capture","P01-1326947-9589181","","","USD","","29.00","-0.70","-0.30","-1.00","28.00"
"2017-11-02T09:58:13 -0700","6489099351","P01-2581381-5688986-C021763","294b14b4b726bd839d45501bb4ffd041","Capture","P01-2581381-5688986","","","USD","","122.42","-2.94","-0.30","-3.24","119.18"
"2017-11-02T09:58:40 -0700","6489099351","P01-3950991-7255787-C008350","497654249d25355fd1a72a1adbbd5a87","Capture","P01-3950991-7255787","","","USD","","40.95","-0.98","-0.30","-1.28","39.67"
"2017-11-02T10:01:22 -0700","6489099351","P01-9935495-5547766-C024911","27fd715b6fe635e4131dba6b5b0a1e4a","Capture","P01-9935495-5547766","","","USD","","8.70","-0.25","-0.05","-0.30","8.40"
"2017-11-02T10:02:10 -0700","6489099351","P01-7886146-4388691-C015455","b50d03bb3c9dfa888605947ce6c5ee90","Capture","P01-7886146-4388691","","","USD","","12.66","-0.30","-0.30","-0.60","12.06"
"2017-11-02T10:03:46 -0700","6489099351","P01-9593414-6042699-C039257","113d1f9bbff5c0bfba7b8690c7c3c3a0","Capture","P01-9593414-6042699","","","USD","","21.85","-0.52","-0.30","-0.82","21.03"
"2017-11-02T10:05:30 -0700","6489099351","P01-2286968-2198685-C001610","094233438595afefd4738f2bcfc23f28","Capture","P01-2286968-2198685","","","USD","","16.27","-0.39","-0.30","-0.69","15.58"
"2017-11-02T10:05:54 -0700","6489099351","P01-5687503-6100821-C090602","47a92deb4415175cef223eaef3c0bd33","Capture","P01-5687503-6100821","","","USD","","164.16","-5.58","-0.30","-5.88","158.28"
"2017-11-02T10:08:00 -0700","6489099351","P01-5339064-8509536-C050205","6b0c9e976c252f0018531f884680b072","Capture","P01-5339064-8509536","","","USD","","68.75","-1.65","-0.30","-1.95","66.80"
"2017-11-02T10:11:59 -0700","6489099351","P01-6258141-0293670-C022430","da25498de6e12acab9c4961092fcb1b8","Capture","P01-6258141-0293670","","","USD","","39.85","-0.96","-0.30","-1.26","38.59"
"2017-11-02T10:12:36 -0700","6489099351","P01-3403865-7766203-C089171","41894a40c346b5c4209ab5e5ba263ca1","Capture","P01-3403865-7766203","","","USD","","52.12","-1.25","-0.30","-1.55","50.57"
"2017-11-02T10:18:07 -0700","6489099351","P01-3053931-2991651-C017793","f71ebf48854423f61600a7957f2cd22f","Capture","P01-3053931-2991651","","","USD","","311.82","-7.48","-0.30","-7.78","304.04"
"2017-11-02T10:21:06 -0700","6489099351","P01-2766722-9080352-C099860","9281dc854dd91b36501b3a2c4887a6ec","Capture","P01-2766722-9080352","","","USD","","23.60","-0.57","-0.30","-0.87","22.73"
"2017-11-02T10:25:14 -0700","6490002851","P01-6001319-8772057-C071690","6fcf4bd0d2d4f5a9252cca0ce6ce3ce9","Capture","P01-6001319-8772057","","","USD","","35.50","-0.85","-0.30","-1.15","34.35"
"2017-11-02T10:28:40 -0700","6490002851","P01-1127102-1123630-C051845","886c9cfe6ff182b890d18556ef836bef","Capture","P01-1127102-1123630","","","USD","","24.01","-0.58","-0.30","-0.88","23.13"
"2017-11-02T10:31:18 -0700","6490002851","P01-6816240-0789193-C065994","19e299e99089a9288d3fa325858ce7f4","Capture","P01-6816240-0789193","","","USD","","13.95","-0.33","-0.30","-0.63","13.32"
"2017-11-02T10:32:16 -0700","6490002851","P01-2619092-1437772-C091213","116d3ea2cca082785debdd07062e6a34","Capture","P01-2619092-1437772","","","USD","","52.90","-1.27","-0.30","-1.57","51.33"
"2017-11-02T10:35:37 -0700","6490002851","P01-2597558-3463765-C026395","ec22b7372b7fbe7eb42397e5fa2f4e7f","Capture","P01-2597558-3463765","","","USD","","88.81","-2.13","-0.30","-2.43","86.38"
"2017-11-02T10:36:04 -0700","6490002851","P01-8232633-0280409-C029653","b54e9f624f060cc40f074b4314c28ecb","Capture","P01-8232633-0280409","","","USD","","35.60","-0.85","-0.30","-1.15","34.45"
"2017-11-02T10:36:40 -0700","6490002851","P01-9036497-6198532-C012229","be6caf1bc218d5275e7af003671582de","Capture","P01-9036497-6198532","","","USD","","44.48","-1.07","-0.30","-1.37","43.11"
"2017-11-02T10:37:18 -0700","6490002851","P01-6126014-3760828-C080427","4dab2f5606f0e9e6fd61c7af99d42b59","Capture","P01-6126014-3760828","","","USD","","25.11","-0.60","-0.30","-0.90","24.21"
"2017-11-02T10:40:03 -0700","6490002851","P01-1078418-9952257-C008875","8bc7ab3c68390333923e853c6e234460","Capture","P01-1078418-9952257","","","USD","","49.11","-1.18","-0.30","-1.48","47.63"
"2017-11-02T10:40:51 -0700","6490002851","P01-3885906-6798055-C062937","73bd46ce9ebeb5dcb58e015143abf072","Capture","P01-3885906-6798055","","","USD","","22.47","-0.54","-0.30","-0.84","21.63"
"2017-11-02T10:41:51 -0700","6490002851","","","Reserve","","","","USD","Previous Reserve Balance","149.11","0","0","0","149.11"
"2017-11-02T10:41:51 -0700","6489099351","","","Reserve","","","","USD","Current Reserve Balance","-149.11","0","0","0","-149.11"
"2017-11-02T10:46:42 -0700","6490002851","P01-1960460-4072863-C071129","fcdd60d3d6b4b1fbd5bb58439b0acb6f","Capture","P01-1960460-4072863","","","USD","","19.22","-0.46","-0.30","-0.76","18.46"
"2017-11-02T10:50:44 -0700","6490002851","P01-8398876-7466503-C077335","55849fc68e1ce0e87a64d51c4ae7e807","Capture","P01-8398876-7466503","","","USD","","158.69","-3.81","-0.30","-4.11","154.58"
"2017-11-02T11:00:40 -0700","6490002851","P01-3157219-6382434-C030120","5700f1c0d5669a8cd748108fcf97e3c4","Capture","P01-3157219-6382434","","","USD","","158.71","-3.81","-0.30","-4.11","154.60"
"2017-11-02T11:02:13 -0700","6490002851","P01-2538781-3648911-C048971","88bfb20032f13df22826de5dd857c7d1","Capture","P01-2538781-3648911","","","USD","","129.45","-3.11","-0.30","-3.41","126.04"
"2017-11-02T11:05:31 -0700","6490002851","P01-6891199-4643209-C030191","5a407decf1247a37b25b175ea5090eef","Capture","P01-6891199-4643209","","","USD","","23.51","-0.56","-0.30","-0.86","22.65"
"2017-11-02T11:06:44 -0700","6490002851","P01-1171448-9766448-C057068","2588d215b4b86b351b050119598261ff","Capture","P01-1171448-9766448","","","USD","","134.85","-3.24","-0.30","-3.54","131.31"
"2017-11-02T11:10:44 -0700","6490002851","P01-1217784-1347979-C068099","543e8cd42506d10e76f67cd696394f2b","Capture","P01-1217784-1347979","","","USD","","54.01","-1.30","-0.30","-1.60","52.41"
"2017-11-02T11:12:48 -0700","6490002851","P01-6497927-6308265-C049491","962ff0fe9f978232f95144ebf7e3efcf","Capture","P01-6497927-6308265","","","USD","","159.66","-3.83","-0.30","-4.13","155.53"
"2017-11-02T11:16:22 -0700","6490002851","P01-2310427-4032273-C018125","db45eea71eae6d9f3e8ad362d573c027","Capture","P01-2310427-4032273","","","USD","","127.94","-3.07","-0.30","-3.37","124.57"
"2017-11-02T11:27:40 -0700","6490002851","P01-3431665-8240724-C028258","ccd3afedbe05622a67081e4e56886214","Capture","P01-3431665-8240724","","","USD","","94.50","-2.27","-0.30","-2.57","91.93"
"2017-11-02T11:28:54 -0700","6490002851","P01-0358574-8842343-C045699","a518826e38a69575b3ac366b41e637d0","Capture","P01-0358574-8842343","","","USD","","94.21","-2.26","-0.30","-2.56","91.65"
"2017-11-02T11:30:21 -0700","6490002851","P01-8876185-9482986-C098337","a12a2f4cd39fde1df02f33cc43d3f5a3","Capture","P01-8876185-9482986","","","USD","","1,254.24","-30.10","-0.30","-30.40","1,223.84"
"2017-11-02T11:40:00 -0700","6490002851","P01-9402209-1209291-C098501","b1e653af5a6885becb2730dddeb0f616","Capture","P01-9402209-1209291","","","USD","","14.05","-0.34","-0.30","-0.64","13.41"
"2017-11-02T11:40:39 -0700","6490002851","P01-8729581-9957217-C004046","bd12ce6e2970ef68407bdab30ac6d735","Capture","P01-8729581-9957217","","","USD","","300.00","-10.20","-0.30","-10.50","289.50"
"2017-11-02T11:41:57 -0700","6490002851","P01-7067388-7691552-C097202","2054c11c8bb6473dca26f7b5c8875c42","Capture","P01-7067388-7691552","","","USD","","64.32","-1.54","-0.30","-1.84","62.48"
"2017-11-02T12:02:32 -0700","6490002851","P01-7728286-7791467-C084304","6b64caa73cf63656a091d28bf1da2a34","Capture","P01-7728286-7791467","","","USD","","20.95","-0.50","-0.30","-0.80","20.15"
"2017-11-02T12:22:39 -0700","6490002851","P01-1598761-8358409-C039834","b66102c9d4aa090bea9b09219e5d4eab","Capture","P01-1598761-8358409","","","USD","","8.55","-0.25","-0.05","-0.30","8.25"
"2017-11-02T12:30:19 -0700","6490002851","P01-2738863-3355007-C036788","9f8e1b93dabd0638d4abcc92cd0563d4","Capture","P01-2738863-3355007","","","USD","","14.05","-0.34","-0.30","-0.64","13.41"
"2017-11-02T13:02:31 -0700","6490002851","P01-4383110-3840155-C076230","f68450701705b7a90d5c3f2f3f633e08","Capture","P01-4383110-3840155","","","USD","","31.60","-0.76","-0.30","-1.06","30.54"
"2017-11-02T13:12:17 -0700","6490002851","P01-9846952-3530353-C089635","b7811faf8531b971d902f0a2e8e4e209","Capture","P01-9846952-3530353","","","USD","","39.06","-0.94","-0.30","-1.24","37.82"
"2017-11-02T13:32:06 -0700","6490002851","P01-4520052-9304274-C051429","2a5eb714b72e503aae335d310b4c4e82","Capture","P01-4520052-9304274","","","USD","","43.05","-1.03","-0.30","-1.33","41.72"
"2017-11-02T13:35:19 -0700","6490002851","P01-7005562-6951821-C012317","cd275773bd37be67c2e3cef463c81494","Capture","P01-7005562-6951821","","","USD","","30.03","-1.02","-0.30","-1.32","28.71"
"2017-11-02T13:36:32 -0700","6490002851","P01-9246747-4465840-C027188","ab2feb07dbc0f9017526ae33fcd0c379","Capture","P01-9246747-4465840","","","USD","","29.11","-0.70","-0.30","-1.00","28.11"
"2017-11-02T13:40:38 -0700","6490002851","P01-9726372-0974085-C099967","8b6e49aca4d682b02a28c30c51c8f5f8","Capture","P01-9726372-0974085","","","USD","","32.00","-0.77","-0.30","-1.07","30.93"
"2017-11-02T13:49:14 -0700","6490002851","P01-9557276-9677127-C030553","c6c4c716640bea713faa572778cb5882","Capture","P01-9557276-9677127","","","USD","","26.96","-0.65","-0.30","-0.95","26.01"
"2017-11-02T13:51:01 -0700","6490002851","P01-4559483-5514434-C085758","8da3d0855979beb32318daf93136384d","Capture","P01-4559483-5514434","","","USD","","56.61","-1.93","-0.30","-2.23","54.38"
"2017-11-02T13:56:26 -0700","6490002851","P01-4987626-8829322-C003226","7682dfccb053ee8857ac0b511445a21e","Capture","P01-4987626-8829322","","","USD","","106.00","-2.54","-0.30","-2.84","103.16"
"2017-11-02T14:01:42 -0700","6490002851","P01-5916462-5400161-C060525","0dfcc8f2786a10219b9bd48f79f53279","Capture","P01-5916462-5400161","","","USD","","48.91","-1.17","-0.30","-1.47","47.44"
"2017-11-02T14:03:25 -0700","6490002851","P01-9508544-8087184-C046107","a176816a0fdfca2f44ef8e4b9461307a","Capture","P01-9508544-8087184","","","USD","","47.55","-1.14","-0.30","-1.44","46.11"
"2017-11-02T14:06:07 -0700","6490002851","P01-7916585-2153001-C083601","c2293d38bd0c1ed7f047c0f2de98d891","Capture","P01-7916585-2153001","","","USD","","34.11","-0.82","-0.30","-1.12","32.99"
"2017-11-02T14:10:39 -0700","6490002851","P01-6460237-9635107-C089044","8d8227f630c4cbecb6d5254ef23cac5d","Capture","P01-6460237-9635107","","","USD","","31.11","-0.75","-0.30","-1.05","30.06"
"2017-11-02T14:24:30 -0700","6490002851","P01-9652613-5993975-C000151","a0ad469f846dbf067d266edb3939dcb5","Capture","P01-9652613-5993975","","","USD","","139.36","-3.34","-0.30","-3.64","135.72"
"2017-11-02T14:39:56 -0700","6490002851","P01-6346914-4172760-C008744","e2afa186ec25a8a810247c04483d57b9","Capture","P01-6346914-4172760","","","USD","","269.75","-6.47","-0.30","-6.77","262.98"
"2017-11-02T14:41:39 -0700","6490002851","P01-2233748-0213442-C057144","5d3fb027bd5a007ceeee7c286a73e435","Capture","P01-2233748-0213442","","","USD","","445.80","-10.70","-0.30","-11.00","434.80"
"2017-11-02T14:42:14 -0700","6490002851","P01-5281225-4593037-C078220","4d6a09d03afbbf7b014b6182cfaada96","Capture","P01-5281225-4593037","","","USD","","30.02","-0.72","-0.30","-1.02","29.00"
"2017-11-02T14:47:54 -0700","6490002851","P01-9755065-6010068-C013302","c42e9e3bc22c1751a12914a7ea9a6b28","Capture","P01-9755065-6010068","","","USD","","14.05","-0.34","-0.30","-0.64","13.41"
"2017-11-02T14:51:45 -0700","6490002851","P01-4000102-3693113-C010790","57a3c46a34f87fb13393a8a67b581513","Capture","P01-4000102-3693113","","","USD","","24.00","-0.58","-0.30","-0.88","23.12"
"2017-11-02T14:53:41 -0700","6490002851","P01-1738870-0826770-C064719","77ddaec546860d9bf86386cba4b8cdd0","Capture","P01-1738870-0826770","","","USD","","16.96","-0.41","-0.30","-0.71","16.25"
"2017-11-02T14:55:33 -0700","6490002851","P01-6478432-2569650-C026438","93cc11306073d60b4e3977c3f6fb4616","Capture","P01-6478432-2569650","","","USD","","16.00","-0.38","-0.30","-0.68","15.32"
"2017-11-02T16:00:51 -0700","6490002851","","","Transfer","","","","USD","Disbursement_AccountEndingWithAndWithTraceId","-8,470.45","0","0","0","-8,470.45"
"2017-11-02T16:37:32 -0700","6490002851","P01-6852798-0645684-A060926","25cc194aea62c32c13000934d331df12","Authorization","P01-6852798-0645684","","","USD","","0","0","-0.30","-0.30","-0.30"
"2017-11-02T17:51:38 -0700","6490002851","P01-7161592-4920742-A044907","56ec6491a8f6da11063ae52cc0d29139","Authorization","P01-7161592-4920742","","","USD","","0","0","-0.30","-0.30","-0.30"
"2017-11-03T06:55:42 -0700","6490002851","P01-4894610-8670195-C088976","2ba3c0a21744ddf7f4e8b29d7b1f2b85","Capture","P01-4894610-8670195","","","USD","","68.55","-1.65","-0.30","-1.95","66.60"
"2017-11-03T07:27:05 -0700","6490002851","P01-0072479-1312467-C033205","1e10e9deadd2ce73929aa5404ba2e109","Capture","P01-0072479-1312467","","","USD","","94.27","-3.20","-0.30","-3.50","90.77"
"2017-11-03T07:59:47 -0700","6490002851","P01-7454669-2640996-A064861","858ebf4154525f4fd9e7f915d0a9358e","Authorization","P01-7454669-2640996","","","USD","","0","0","-0.30","-0.30","-0.30"
"2017-11-03T08:38:26 -0700","6490002851","P01-6176599-0755486-C032481","094e9c15552faddc40c58056b83822dd","Capture","P01-6176599-0755486","","","USD","","49.11","-1.18","-0.30","-1.48","47.63"
"2017-11-03T08:41:25 -0700","6490002851","P01-0583347-3954474-C027183","3a6d41e5665e83eda9354465d082169d","Capture","P01-0583347-3954474","","","USD","","44.15","-1.06","-0.30","-1.36","42.79"
"2017-11-03T09:00:46 -0700","6490002851","P01-7826146-1550588-C055629","aaf3f44a38b3b8ba35bff0c1d92bc917","Capture","P01-7826146-1550588","","","USD","","79.20","-1.90","-0.30","-2.20","77.00"
"2017-11-03T09:06:06 -0700","6490002851","P01-0423698-7802802-C099792","a00828815a2409ec73e92c33bd35dd72","Capture","P01-0423698-7802802","","","USD","","68.56","-1.65","-0.30","-1.95","66.61"
"2017-11-03T09:07:20 -0700","6490002851","P01-2709305-7973252-C006634","029b33f417b9601255b67ff92ea8f295","Capture","P01-2709305-7973252","","","USD","","69.97","-1.68","-0.30","-1.98","67.99"
"2017-11-03T09:14:04 -0700","6490002851","P01-2674004-4604145-C018342","bb88f5d47d078cc9490fd2f98db29e3f","Capture","P01-2674004-4604145","","","USD","","14.40","-0.35","-0.30","-0.65","13.75"
"2017-11-03T09:22:12 -0700","6490002851","P01-4461495-0017760-C004653","d997fba3134d89c5ee108909dc109de7","Capture","P01-4461495-0017760","","","USD","","87.88","-2.11","-0.30","-2.41","85.47"
"2017-11-03T09:25:20 -0700","6490002851","P01-9951748-3798093-C077499","b93189e8854f199f4a9869ef2a2c4acb","Capture","P01-9951748-3798093","","","USD","","113.06","-2.71","-0.30","-3.01","110.05"
"2017-11-03T09:28:46 -0700","6490002851","P01-7602332-7257156-C025831","6fae430ff87b8b655fd7422b0e90be31","Capture","P01-7602332-7257156","","","USD","","34.11","-0.82","-0.30","-1.12","32.99"
"2017-11-03T09:30:43 -0700","6490002851","P01-9234152-8028298-C084756","f6a5d4ccc9b6df2543f9d73bc86736a4","Capture","P01-9234152-8028298","","","USD","","71.00","-1.70","-0.30","-2.00","69.00"
"2017-11-03T09:32:23 -0700","6490002851","P01-2415178-3493781-C093167","09efe2e32804d49e1cfb498bc8b080b2","Capture","P01-2415178-3493781","","","USD","","98.00","-2.35","-0.30","-2.65","95.35"
"2017-11-03T09:33:17 -0700","6490002851","P01-4169719-0010225-C091893","2c887976f0a6da324841df6cc439d081","Capture","P01-4169719-0010225","","","USD","","94.47","-3.21","-0.30","-3.51","90.96"
"2017-11-03T09:33:42 -0700","6490002851","P01-0118971-5268009-C091288","a419bef3e09ba0b170682ba34c04eaa6","Capture","P01-0118971-5268009","","","USD","","99.56","-2.39","-0.30","-2.69","96.87"
"2017-11-03T09:33:48 -0700","6490002851","P01-5930652-9055738-C052743","23950f40f7fd5c635bc643f289c9000a","Capture","P01-5930652-9055738","","","USD","","117.12","-2.81","-0.30","-3.11","114.01"
"2017-11-03T09:37:51 -0700","6490002851","P01-0012239-2780216-C027081","d4521e9bb4250abd149056f476a340ed","Capture","P01-0012239-2780216","","","USD","","49.07","-1.18","-0.30","-1.48","47.59"
"2017-11-03T09:39:12 -0700","6490002851","P01-8993355-8886887-C077099","ca1521f0b56226cd1b88b1ff71c7fcd9","Capture","P01-8993355-8886887","","","USD","","12.03","-0.29","-0.30","-0.59","11.44"
"2017-11-03T09:40:30 -0700","6490002851","P01-5067665-8825661-C095058","1813ae58b6b77a7d1b682f1c07b9cfdc","Capture","P01-5067665-8825661","","","USD","","110.48","-2.65","-0.30","-2.95","107.53"
"2017-11-03T09:41:14 -0700","6490002851","P01-5897873-1500028-C055495","59ee8d6ba11d2e35833b7476c240813a","Capture","P01-5897873-1500028","","","USD","","95.00","-2.28","-0.30","-2.58","92.42"
"2017-11-03T09:43:29 -0700","6490002851","P01-3687147-5815840-C039627","989a0dec4d60ba986e28d92ccfd3d357","Capture","P01-3687147-5815840","","","USD","","98.76","-2.37","-0.30","-2.67","96.09"
"2017-11-03T09:45:42 -0700","6490002851","P01-2208211-2804727-C090645","87b369b472e6c99bf8415edb87e0d7d8","Capture","P01-2208211-2804727","","","USD","","60.10","-1.44","-0.30","-1.74","58.36"
"2017-11-03T09:47:52 -0700","6490002851","P01-8393356-7343851-C061540","eedd27a5a5b7ddad2fa1caf7b67be3e8","Capture","P01-8393356-7343851","","","USD","","39.05","-0.94","-0.30","-1.24","37.81"
"2017-11-03T09:51:13 -0700","6490002851","P01-6570400-2846192-C016740","d8ca4812ac2b0faf637e45585949a14b","Capture","P01-6570400-2846192","","","USD","","703.69","-16.89","-0.30","-17.19","686.50"
"2017-11-03T09:58:17 -0700","6490002851","P01-7242307-8426265-C004703","95acebcda674592650238d9c8dd5e6ba","Capture","P01-7242307-8426265","","","USD","","29.16","-0.70","-0.30","-1.00","28.16"
"2017-11-03T10:05:15 -0700","6490002851","P01-2186612-9072218-C075979","499b74d8b970917c7c77d38a499d933f","Capture","P01-2186612-9072218","","","USD","","61.10","-1.47","-0.30","-1.77","59.33"
"2017-11-03T10:11:30 -0700","6490002851","P01-7403469-4668484-A094853","622f51be354235a80879822c267b516f","Authorization","P01-7403469-4668484","","","USD","","0","0","-0.30","-0.30","-0.30"
"2017-11-03T10:16:40 -0700","6490002851","P01-1396394-7404069-C051703","528250403c0ee79feea6c61c3fffe33a","Capture","P01-1396394-7404069","","","USD","","79.95","-1.92","-0.30","-2.22","77.73"
"2017-11-03T10:25:21 -0700","6490847991","P01-6673046-4245967-C060720","1fef6d14f7c2e6ab3ba4f614b1152247","Capture","P01-6673046-4245967","","","USD","","22.55","-0.54","-0.30","-0.84","21.71"
"2017-11-03T10:25:28 -0700","6490847991","P01-6929614-2355796-C030927","a9ec724a3fc84dc30c691b1e9a4df265","Capture","P01-6929614-2355796","","","USD","","39.05","-0.94","-0.30","-1.24","37.81"
"2017-11-03T10:26:17 -0700","6490847991","P01-0973346-1402014-C074055","18def3676ae3aa20d8112ae01574de03","Capture","P01-0973346-1402014","","","USD","","11.15","-0.27","-0.30","-0.57","10.58"
"2017-11-03T10:32:28 -0700","6490847991","P01-3073080-4035944-C078235","11b2437e96507a10a1d29416adc2422b","Capture","P01-3073080-4035944","","","USD","","14.00","-0.34","-0.30","-0.64","13.36"
"2017-11-03T10:34:19 -0700","6490847991","P01-5341131-9741837-C039904","97bb107a6160e003e84d7a63b8460268","Capture","P01-5341131-9741837","","","USD","","35.71","-0.86","-0.30","-1.16","34.55"
"2017-11-03T10:42:31 -0700","6490847991","P01-4525877-1042030-C010933","af5e5377812b935cc12a8faa1445f659","Capture","P01-4525877-1042030","","","USD","","64.95","-1.56","-0.30","-1.86","63.09"
"2017-11-03T10:44:53 -0700","6490847991","","","Reserve","","","","USD","Previous Reserve Balance","149.11","0","0","0","149.11"
"2017-11-03T10:44:53 -0700","6490002851","","","Reserve","","","","USD","Current Reserve Balance","-149.11","0","0","0","-149.11"
"2017-11-03T10:51:28 -0700","6490847991","P01-8433874-5197838-C036996","ed4fa430d959ac9078a13fa7f25923db","Capture","P01-8433874-5197838","","","USD","","54.04","-1.84","-0.30","-2.14","51.90"
"2017-11-03T11:05:17 -0700","6490847991","P01-0101342-7352822-C018170","94918489b1d2b829dd46bd140820349c","Capture","P01-0101342-7352822","","","USD","","97.01","-2.33","-0.30","-2.63","94.38"
"2017-11-03T11:51:49 -0700","6490847991","P01-4383894-1067483-C059903","756184f53de960503ad11ef1f175cc9b","Capture","P01-4383894-1067483","","","USD","","25.06","-0.60","-0.30","-0.90","24.16"
"2017-11-03T11:56:15 -0700","6490847991","P01-7933675-4974441-C045714","b0e140d66dab37ef99dec375eebea297","Capture","P01-7933675-4974441","","","USD","","122.22","-2.93","-0.30","-3.23","118.99"
"2017-11-03T12:41:40 -0700","6490847991","P01-8552976-1485239-C003849","e880f041cf5f1038e9212291374be636","Capture","P01-8552976-1485239","","","USD","","22.32","-0.54","-0.30","-0.84","21.48"
"2017-11-03T12:43:29 -0700","6490847991","P01-2192226-3443302-C082575","d04a339da74dfc865dcb7f9b6881571f","Capture","P01-2192226-3443302","","","USD","","24.01","-0.58","-0.30","-0.88","23.13"
"2017-11-03T12:44:04 -0700","6490847991","P01-8489610-2983056-C043622","a43b68086083807072ba4eb4ed278eba","Capture","P01-8489610-2983056","","","USD","","24.95","-0.60","-0.30","-0.90","24.05"
"2017-11-03T12:44:11 -0700","6490847991","P01-6180963-8133750-C084364","3d16033d2d0518971bf8e98c3af1add1","Capture","P01-6180963-8133750","","","USD","","16.55","-0.40","-0.30","-0.70","15.85"
"2017-11-03T12:49:36 -0700","6490847991","P01-4915129-0754190-C067261","5e3e1f9c701e79dc4e35eb9a861c29a3","Capture","P01-4915129-0754190","","","USD","","28.15","-0.68","-0.30","-0.98","27.17"
"2017-11-03T12:52:47 -0700","6490847991","P01-0327639-9611722-C052190","c10d6939c5b59f16ca6f180152c57bf2","Capture","P01-0327639-9611722","","","USD","","14.05","-0.34","-0.30","-0.64","13.41"
"2017-11-03T12:54:29 -0700","6490847991","P01-9435039-6340309-C059902","d90536623c7ac1ecfe8c643b412482d1","Capture","P01-9435039-6340309","","","USD","","92.60","-2.22","-0.30","-2.52","90.08"
"2017-11-03T12:54:58 -0700","6490847991","P01-1458397-1239785-C038118","a98929a833b5475bb47c921010f469cb","Capture","P01-1458397-1239785","","","USD","","55.95","-1.34","-0.30","-1.64","54.31"
"2017-11-03T12:55:57 -0700","6490847991","P01-4915197-6533567-C090739","ef85b911a050c2285f9327c3f4d7d0aa","Capture","P01-4915197-6533567","","","USD","","23.27","-0.56","-0.30","-0.86","22.41"
"2017-11-03T13:00:10 -0700","6490847991","P01-9652115-8678562-C080653","457cce99f6ab6306a55bfab9d4afea8c","Capture","P01-9652115-8678562","","","USD","","57.11","-1.37","-0.30","-1.67","55.44"
"2017-11-03T13:06:10 -0700","6490847991","P01-7433114-8095557-C002700","609fdf48f4ac2a3e137ee9a3aca0a16b","Capture","P01-7433114-8095557","","","USD","","41.39","-0.99","-0.30","-1.29","40.10"
"2017-11-03T13:07:21 -0700","6490847991","P01-4956012-4303607-C083667","8b885c7c291e9191c571f26ef9c5e16c","Capture","P01-4956012-4303607","","","USD","","32.30","-0.78","-0.30","-1.08","31.22"
"2017-11-03T13:09:14 -0700","6490847991","P01-1338704-9381120-C059434","479623478321cdd4287f5e5baa56b20a","Capture","P01-1338704-9381120","","","USD","","73.45","-1.76","-0.30","-2.06","71.39"
"2017-11-03T13:14:11 -0700","6490847991","P01-3866535-5495013-C086153","ca0ae15198a24928c2d5455474a14008","Capture","P01-3866535-5495013","","","USD","","42.20","-1.01","-0.30","-1.31","40.89"
"2017-11-03T13:22:41 -0700","6490847991","P01-8074209-1711862-C024371","3b60e238c59006196f573543d2c66b31","Capture","P01-8074209-1711862","","","USD","","30.75","-0.74","-0.30","-1.04","29.71"
"2017-11-03T13:25:10 -0700","6490847991","P01-2249483-7719102-R046177","9e3613a07a2065ee77851a33e75087aa","Refund","P01-2249483-7719102","","","USD","","-268.80","6.45","0","6.45","-262.35"
"2017-11-03T13:32:21 -0700","6490847991","P01-8435324-1001458-C037207","39933e580e7c8b6b00b82ec26437b509","Capture","P01-8435324-1001458","","","USD","","26.63","-0.64","-0.30","-0.94","25.69"
"2017-11-03T13:38:24 -0700","6490847991","P01-3027349-8036189-C063699","13f047bb59d887f9868b3ec50a6e42dd","Capture","P01-3027349-8036189","","","USD","","28.40","-0.68","-0.30","-0.98","27.42"
"2017-11-03T13:40:43 -0700","6490847991","P01-7243441-5901802-C014423","64a2bc9c7e0d51c6a8498446643ece63","Capture","P01-7243441-5901802","","","USD","","61.05","-1.47","-0.30","-1.77","59.28"
"2017-11-03T13:43:21 -0700","6490847991","P01-8356577-9854845-C052372","094a0606c6ccaea7063280b53c06da2a","Capture","P01-8356577-9854845","","","USD","","36.95","-0.89","-0.30","-1.19","35.76"
"2017-11-03T13:43:40 -0700","6490847991","P01-4113728-7544700-C003481","7416edccdf71dde68f814ea022ba6c20","Capture","P01-4113728-7544700","","","USD","","23.00","-0.55","-0.30","-0.85","22.15"
"2017-11-03T13:50:15 -0700","6490847991","P01-7472285-1660717-C095209","8b2349024b538383bf75f22e99ceb3aa","Capture","P01-7472285-1660717","","","USD","","48.90","-1.17","-0.30","-1.47","47.43"
"2017-11-03T14:03:25 -0700","6490847991","P01-9881255-2823279-C080406","b0a5d22e6335b1a3d9539f0cfeeabf62","Capture","P01-9881255-2823279","","","USD","","69.05","-1.66","-0.30","-1.96","67.09"
"2017-11-03T14:04:14 -0700","6490847991","P01-6545606-3201587-C067482","3125100a8e4d3518ece7de882c717c12","Capture","P01-6545606-3201587","","","USD","","24.95","-0.60","-0.30","-0.90","24.05"
"2017-11-03T14:06:31 -0700","6490847991","P01-9855629-5661708-C030571","b2006e72cd0d911cb1336241bbb04ab3","Capture","P01-9855629-5661708","","","USD","","34.05","-0.82","-0.30","-1.12","32.93"
"2017-11-03T14:10:48 -0700","6490847991","P01-2349121-1941540-C050124","c3d3609d78737239441ae7259b584643","Capture","P01-2349121-1941540","","","USD","","10.05","-0.24","-0.30","-0.54","9.51"
"2017-11-03T14:12:55 -0700","6490847991","P01-4727717-2545154-C012626","4bf78efdbadce5c7598093d907f76d7e","Capture","P01-4727717-2545154","","","USD","","21.65","-0.52","-0.30","-0.82","20.83"
"2017-11-03T14:14:31 -0700","6490847991","P01-7728657-9908179-C076660","e8ebd66919d56804828949b2be7fc2f1","Capture","P01-7728657-9908179","","","USD","","131.20","-3.15","-0.30","-3.45","127.75"
"2017-11-03T14:16:35 -0700","6490847991","P01-3947253-8330111-C042470","00e692d0eab4265ab3305e54adba00f8","Capture","P01-3947253-8330111","","","USD","","34.05","-0.82","-0.30","-1.12","32.93"
"2017-11-03T14:18:31 -0700","6490847991","P01-0839146-4411428-C080581","df78c9894305998042e11099a1d82dd3","Capture","P01-0839146-4411428","","","USD","","49.16","-1.18","-0.30","-1.48","47.68"
"2017-11-03T14:21:27 -0700","6490847991","P01-6549996-0443191-C021107","124c167829d47082f85e18bd16c17cf8","Capture","P01-6549996-0443191","","","USD","","29.34","-0.70","-0.30","-1.00","28.34"
"2017-11-03T14:22:11 -0700","6490847991","P01-4514741-4249106-C021655","4325d898e42d780b58f77a65d3e0e836","Capture","P01-4514741-4249106","","","USD","","14.05","-0.34","-0.30","-0.64","13.41"
"2017-11-03T14:36:59 -0700","6490847991","P01-7798735-5161572-C096691","3704de17c31d0a4411b2ec96438856f4","Capture","P01-7798735-5161572","","","USD","","41.80","-1.00","-0.30","-1.30","40.50"
"2017-11-03T16:00:21 -0700","6490847991","","","Transfer","","","","USD","Disbursement_AccountEndingWithAndWithTraceId","-7,072.49","0","0","0","-7,072.49"
"2017-11-04T06:16:38 -0700","6490847991","P01-9396448-6798299-C041756","4558822e7f542ab4ff47a3cb411ce383","Capture","P01-9396448-6798299","","","USD","","62.41","-1.50","-0.30","-1.80","60.61"
"2017-11-04T06:31:25 -0700","6490847991","P01-9040306-7097594-C045773","7910e797b67f636a94cef4b916f7e4f9","Capture","P01-9040306-7097594","","","USD","","77.86","-1.87","-0.30","-2.17","75.69"
"2017-11-04T06:35:01 -0700","6490847991","P01-2890450-7611782-C085637","043f63031a981366debcd9e49dc0b6cb","Capture","P01-2890450-7611782","","","USD","","29.60","-0.71","-0.30","-1.01","28.59"
"2017-11-04T06:35:32 -0700","6490847991","P01-7046995-8244601-C067223","9b325a58ff05f4a3f9de13587a594282","Capture","P01-7046995-8244601","","","USD","","72.75","-1.75","-0.30","-2.05","70.70"
"2017-11-04T06:38:56 -0700","6490847991","P01-5776665-2136141-C023618","7eae64dc2b71a29230011cd627373467","Capture","P01-5776665-2136141","","","USD","","56.95","-1.37","-0.30","-1.67","55.28"
"2017-11-04T06:49:49 -0700","6490847991","P01-6214174-2583399-C029878","055aaa295e7b61e22eab68135bd61e2b","Capture","P01-6214174-2583399","","","USD","","61.77","-1.48","-0.30","-1.78","59.99"
"2017-11-04T07:26:25 -0700","6490847991","P01-3297261-1679293-C049501","bd3bd0bf73dbaf3226131f741bc6752f","Capture","P01-3297261-1679293","","","USD","","2,337.38","-79.47","-0.30","-79.77","2,257.61"
"2017-11-04T07:40:00 -0700","6490847991","P01-3695103-6145519-C063341","146812bc5af19105411fe0a9288463e1","Capture","P01-3695103-6145519","","","USD","","63.34","-1.52","-0.30","-1.82","61.52"
"2017-11-04T07:58:47 -0700","6490847991","P01-1789796-2768350-C053609","c4f3701d00a956421365345817661b82","Capture","P01-1789796-2768350","","","USD","","49.38","-1.19","-0.30","-1.49","47.89"
"2017-11-04T08:15:38 -0700","6490847991","P01-6754780-4015212-C037070","13a7ce4cd2197fc999f426c69535afba","Capture","P01-6754780-4015212","","","USD","","20.06","-0.48","-0.30","-0.78","19.28"
"2017-11-04T08:17:01 -0700","6490847991","P01-9248368-6585541-C049815","0ebe7319a07c13640cccbaac8f182540","Capture","P01-9248368-6585541","","","USD","","28.02","-0.67","-0.30","-0.97","27.05"
"2017-11-04T08:40:07 -0700","6490847991","P01-0572696-4528335-C095848","4bab3ef15450a288766912882b29f559","Capture","P01-0572696-4528335","","","USD","","32.61","-0.78","-0.30","-1.08","31.53"
"2017-11-04T08:41:00 -0700","6490847991","P01-4250166-6419874-C011112","ccb345d5e850e105792161c62f347b0e","Capture","P01-4250166-6419874","","","USD","","49.10","-1.18","-0.30","-1.48","47.62"
"2017-11-04T08:57:08 -0700","6490847991","P01-6980985-0383788-C071591","05fbccbc072dfa974deb02b5f88fd5f3","Capture","P01-6980985-0383788","","","USD","","125.60","-3.01","-0.30","-3.31","122.29"
"2017-11-04T09:07:07 -0700","6490847991","P01-4398254-5074428-C048371","1fe14e36867e0d1d890bf2b014235f56","Capture","P01-4398254-5074428","","","USD","","22.26","-0.53","-0.30","-0.83","21.43"
"2017-11-04T09:11:49 -0700","6490847991","P01-1015495-6055160-C000058","83e80b6271104e0bee4639d808581112","Capture","P01-1015495-6055160","","","USD","","90.97","-2.18","-0.30","-2.48","88.49"
"2017-11-04T09:22:33 -0700","6490847991","P01-2299484-8331362-C041202","58ea524918fa45adf5d871fcffb2f7b3","Capture","P01-2299484-8331362","","","USD","","66.20","-1.59","-0.30","-1.89","64.31"
"2017-11-04T09:32:01 -0700","6490847991","P01-9441935-8710456-C016924","23a3e04f0adff3cd163ebf42a7f5ff14","Capture","P01-9441935-8710456","","","USD","","20.11","-0.48","-0.30","-0.78","19.33"
"2017-11-04T09:34:54 -0700","6490847991","P01-8126374-5243396-C095308","90101850d019ba0d66b879aafa73bbc2","Capture","P01-8126374-5243396","","","USD","","75.46","-1.81","-0.30","-2.11","73.35"
"2017-11-04T09:38:19 -0700","6490847991","P01-9328361-6628976-C001093","44f7d62d4b39e1c50eef9ca1576db221","Capture","P01-9328361-6628976","","","USD","","84.41","-2.03","-0.30","-2.33","82.08"
"2017-11-04T09:41:34 -0700","6490847991","P01-7559754-0774558-A049422","7d75e59d958dce2940ee1a1742af109e","Authorization","P01-7559754-0774558","","","USD","","0","0","-0.30","-0.30","-0.30"
"2017-11-04T09:41:34 -0700","6490847991","P01-2883691-4181582-C056352","c8278ea909b7b9fe030c0c601b9ae036","Capture","P01-2883691-4181582","","","USD","","128.77","-4.38","-0.30","-4.68","124.09"
"2017-11-04T09:42:03 -0700","6490847991","P01-9119858-3678796-C043438","36b11e2f618da8f8ac4a1fd22cb83e8f","Capture","P01-9119858-3678796","","","USD","","81.60","-1.96","-0.30","-2.26","79.34"
"2017-11-04T09:52:16 -0700","6490847991","P01-2567085-9490647-C038322","7192aeee840e9f2906fa8e67ee3bcb96","Capture","P01-2567085-9490647","","","USD","","27.34","-0.66","-0.30","-0.96","26.38"
"2017-11-04T10:10:33 -0700","6490847991","P01-2356973-5472348-C048587","af4eacf313808ae485234b144b1abd2c","Capture","P01-2356973-5472348","","","USD","","342.40","-8.22","-0.30","-8.52","333.88"
"2017-11-04T10:23:19 -0700","6491582521","P01-1408097-4515599-C073120","e952843d329a7a00d3ece7f58f2906d9","Capture","P01-1408097-4515599","","","USD","","69.21","-1.66","-0.30","-1.96","67.25"
"2017-11-04T10:24:29 -0700","6491582521","P01-8304512-9014166-C033769","de22975289f66182d86d9fd1fbffbf71","Capture","P01-8304512-9014166","","","USD","","446.00","-10.70","-0.30","-11.00","435.00"
"2017-11-04T10:25:32 -0700","6491582521","P01-3711365-3239961-C016051","abd1988980a0eea81dd03cf941a8a4e9","Capture","P01-3711365-3239961","","","USD","","52.11","-1.25","-0.30","-1.55","50.56"
"2017-11-04T10:27:18 -0700","6491582521","P01-1025058-0054318-A011382","c3f0fb5b9f75886ce8f7c622c479ca7a","Authorization","P01-1025058-0054318","","","USD","","0","0","-0.30","-0.30","-0.30"
"2017-11-04T10:35:45 -0700","6491582521","P01-3284899-0547629-C094455","1c30b36a421f0ebdf97dc3891e703b25","Capture","P01-3284899-0547629","","","USD","","37.58","-0.90","-0.30","-1.20","36.38"
"2017-11-04T10:35:54 -0700","6491582521","P01-6562891-0468517-C044917","222e5022832f6cc285c51b3a52e56572","Capture","P01-6562891-0468517","","","USD","","157.50","-3.78","-0.30","-4.08","153.42"
"2017-11-04T10:40:57 -0700","6491582521","P01-1116993-1124565-C094988","8ac5305da3f58881ab925ec34f466bbc","Capture","P01-1116993-1124565","","","USD","","17.51","-0.42","-0.30","-0.72","16.79"
"2017-11-04T10:41:37 -0700","6491582521","","","Reserve","","","","USD","Previous Reserve Balance","149.11","0","0","0","149.11"
"2017-11-04T10:41:37 -0700","6490847991","","","Reserve","","","","USD","Current Reserve Balance","-149.11","0","0","0","-149.11"
"2017-11-04T10:44:39 -0700","6491582521","P01-8159658-8640906-C020165","441119e3279f02eaa466666ab0de1fe0","Capture","P01-8159658-8640906","","","USD","","22.81","-0.55","-0.30","-0.85","21.96"
"2017-11-04T10:56:42 -0700","6491582521","P01-6126061-0996460-C050614","751f7398dd056a68137ee87cadaf5241","Capture","P01-6126061-0996460","","","USD","","49.20","-1.18","-0.30","-1.48","47.72"
"2017-11-04T11:20:27 -0700","6491582521","P01-9268605-0071304-C067037","7b5fa50b66d71ed0ed232510ae05b48e","Capture","P01-9268605-0071304","","","USD","","32.96","-0.79","-0.30","-1.09","31.87"
"2017-11-04T11:53:19 -0700","6491582521","P01-2704902-1086944-C031576","96f29d7e032748a5a9ec0db88d036f89","Capture","P01-2704902-1086944","","","USD","","43.06","-1.03","-0.30","-1.33","41.73"
"2017-11-04T12:06:50 -0700","6491582521","P01-1747763-7017794-C056924","1d4e6236c9e7f10c11edda8d43e68940","Capture","P01-1747763-7017794","","","USD","","33.97","-0.82","-0.30","-1.12","32.85"
"2017-11-04T12:08:06 -0700","6491582521","P01-2890905-2458230-C053940","431a2b5b8389b7160bcc7c4846f309dd","Capture","P01-2890905-2458230","","","USD","","37.10","-0.89","-0.30","-1.19","35.91"
"2017-11-04T12:11:52 -0700","6491582521","P01-9934147-2060980-C005668","31b55b7a5a10471e7a3c865d842f64c9","Capture","P01-9934147-2060980","","","USD","","169.97","-4.08","-0.30","-4.38","165.59"
"2017-11-04T12:12:16 -0700","6491582521","P01-1481249-1146764-C003921","e4e85207108cda63bcd38b484ea5210a","Capture","P01-1481249-1146764","","","USD","","257.85","-6.19","-0.30","-6.49","251.36"
"2017-11-04T12:23:53 -0700","6491582521","P01-1144407-2243729-C022745","94ce2277a18f504287ef3806f1aa03ef","Capture","P01-1144407-2243729","","","USD","","133.15","-3.20","-0.30","-3.50","129.65"
"2017-11-04T12:24:54 -0700","6491582521","P01-2740523-3801403-C003536","1ddc88ca262630b126e6f813f7fe1d59","Capture","P01-2740523-3801403","","","USD","","14.11","-0.34","-0.30","-0.64","13.47"
"2017-11-04T12:29:32 -0700","6491582521","P01-5176238-6700656-C075568","cc4b3765946d84b14e2aaa88b95c217a","Capture","P01-5176238-6700656","","","USD","","176.86","-4.24","-0.30","-4.54","172.32"
"2017-11-04T12:43:18 -0700","6491582521","P01-6588715-8286885-C084682","ed746cbc3d59450fba31b17ba7df92e9","Capture","P01-6588715-8286885","","","USD","","43.46","-1.04","-0.30","-1.34","42.12"
"2017-11-04T12:45:31 -0700","6491582521","P01-1484010-8158071-C047828","77c48a67be8630b06f39ad3e61cfa291","Capture","P01-1484010-8158071","","","USD","","89.05","-2.14","-0.30","-2.44","86.61"
"2017-11-04T12:47:18 -0700","6491582521","P01-2631987-9711339-C022796","d4f934ea9bba2e6e20f90a416df796c8","Capture","P01-2631987-9711339","","","USD","","64.05","-1.54","-0.30","-1.84","62.21"
"2017-11-04T12:52:26 -0700","6491582521","P01-2898752-4984940-C066391","91d6d0009900a6f6f9cdff4f1afeb9e4","Capture","P01-2898752-4984940","","","USD","","75.75","-1.82","-0.30","-2.12","73.63"
"2017-11-04T12:55:06 -0700","6491582521","P01-3934139-7760437-C090079","f2cd197651ac3fa096038a66807dc16a","Capture","P01-3934139-7760437","","","USD","","19.16","-0.46","-0.30","-0.76","18.40"
"2017-11-04T12:55:19 -0700","6491582521","P01-5480893-2113130-C012950","028540ef283e74941e8b7de0ed370e56","Capture","P01-5480893-2113130","","","USD","","137.44","-3.30","-0.30","-3.60","133.84"
"2017-11-04T13:07:50 -0700","6491582521","P01-4879755-4222358-C031563","bd9f8865afe8fa35c1b73c16457f9f12","Capture","P01-4879755-4222358","","","USD","","247.65","-5.94","-0.30","-6.24","241.41"
"2017-11-04T13:25:55 -0700","6491582521","P01-3095096-2146901-C052834","7fefe060d4ceecafbe43efe614a49525","Capture","P01-3095096-2146901","","","USD","","43.10","-1.03","-0.30","-1.33","41.77"
"2017-11-04T13:32:55 -0700","6491582521","P01-2174664-3407976-C017609","312571a2e8527f1c99372d30b24ca135","Capture","P01-2174664-3407976","","","USD","","102.08","-2.45","-0.30","-2.75","99.33"
"2017-11-04T13:33:19 -0700","6491582521","P01-8644032-5248749-C020698","61418de94253d18ba7c79dff5b345946","Capture","P01-8644032-5248749","","","USD","","59.10","-1.42","-0.30","-1.72","57.38"
"2017-11-04T13:40:15 -0700","6491582521","P01-4462894-5076225-C014310","4bb529888eb5ea8ba638830ec28ed7b0","Capture","P01-4462894-5076225","","","USD","","64.11","-1.54","-0.30","-1.84","62.27"
"2017-11-04T13:42:23 -0700","6491582521","P01-0906529-8916645-C064868","c9c5b5e660a45216e5a3137442a12019","Capture","P01-0906529-8916645","","","USD","","269.23","-6.46","-0.30","-6.76","262.47"
"2017-11-04T13:47:11 -0700","6491582521","P01-5442724-3152686-C057562","af65ba8f3bb033428be0b3b367b71de5","Capture","P01-5442724-3152686","","","USD","","34.10","-0.82","-0.30","-1.12","32.98"
"2017-11-04T13:52:59 -0700","6491582521","P01-3258057-2682619-C084131","29b1f19ffbdf22a3dfe2e8b1de256700","Capture","P01-3258057-2682619","","","USD","","39.16","-0.94","-0.30","-1.24","37.92"
"2017-11-04T13:52:59 -0700","6491582521","P01-6770984-4567856-C094592","6d3a0e251618fd88fbc2bc977054a8ac","Capture","P01-6770984-4567856","","","USD","","53.05","-1.27","-0.30","-1.57","51.48"
"2017-11-04T13:53:58 -0700","6491582521","P01-6444541-4475568-C016333","e46f3c181f3ea4ee5eb41c2a21ae7a3b","Capture","P01-6444541-4475568","","","USD","","99.16","-2.38","-0.30","-2.68","96.48"
"2017-11-04T13:54:11 -0700","6491582521","P01-8586130-6362804-C017779","94e891332f10eb0bfc27a45539b4c94a","Capture","P01-8586130-6362804","","","USD","","67.96","-1.63","-0.30","-1.93","66.03"
"2017-11-04T14:00:10 -0700","6491582521","P01-0358274-1886375-C013809","94b042ff2a154a6c82d77acc40c8f768","Capture","P01-0358274-1886375","","","USD","","55.21","-1.33","-0.30","-1.63","53.58"
"2017-11-04T18:35:10 -0700","6491582521","P01-4200449-6882687-A007663","3cea87aa027c028ee867aa24ac4a600d","Authorization","P01-4200449-6882687","","","USD","","0","0","-0.30","-0.30","-0.30"
"2017-11-05T06:00:31 -0800","6491582521","","","Transfer","","","","USD","Disbursement_AccountEndingWithAndWithTraceId","-5,309.60","0","0","0","-5,309.60"
"2017-11-05T06:26:25 -0800","6491582521","P01-5115451-7996256-C080290","a107f003d3f4ed6b062c5ada34e9d4aa","Capture","P01-5115451-7996256","","","USD","","181.56","-4.36","-0.30","-4.66","176.90"
"2017-11-05T06:37:35 -0800","6491582521","P01-1517867-3910080-C068958","d4e3d30f226f21c781c4dc9c24f3e221","Capture","P01-1517867-3910080","","","USD","","22.35","-0.54","-0.30","-0.84","21.51"
"2017-11-05T06:40:09 -0800","6491582521","P01-3565014-7228142-C021391","4f619755cfa19293199de121604302ec","Capture","P01-3565014-7228142","","","USD","","39.27","-0.94","-0.30","-1.24","38.03"
"2017-11-05T06:59:53 -0800","6491582521","P01-8534263-5841181-C073623","d0124c5091799967583fcd0712ebad7a","Capture","P01-8534263-5841181","","","USD","","52.20","-1.77","-0.30","-2.07","50.13"
"2017-11-05T07:00:34 -0800","6491582521","P01-3427644-4115117-C047706","fca7dbb678c34233a861473c4e2638ce","Capture","P01-3427644-4115117","","","USD","","36.59","-0.88","-0.30","-1.18","35.41"
"2017-11-05T07:01:59 -0800","6491582521","P01-9490483-1703131-C011423","eb48451f7c9916f6dde028a44befc7ad","Capture","P01-9490483-1703131","","","USD","","17.75","-0.43","-0.30","-0.73","17.02"
"2017-11-05T07:10:14 -0800","6491582521","P01-7032275-4998032-C099885","bcb7048193b8183d80af6c77632e4034","Capture","P01-7032275-4998032","","","USD","","20.14","-0.48","-0.30","-0.78","19.36"
"2017-11-05T07:10:54 -0800","6491582521","P01-0003254-7628604-C066353","3cc090c71644c8233ba12128211cab15","Capture","P01-0003254-7628604","","","USD","","54.80","-1.32","-0.30","-1.62","53.18"
"2017-11-05T07:23:28 -0800","6491582521","P01-6777729-0910918-C033960","04856c376956f7fc4eb498fd1f09da6d","Capture","P01-6777729-0910918","","","USD","","19.40","-0.47","-0.30","-0.77","18.63"
"2017-11-05T07:26:13 -0800","6491582521","P01-8146654-7549694-C099573","1c98680392d9ecce6117a4211391a325","Capture","P01-8146654-7549694","","","USD","","103.20","-2.48","-0.30","-2.78","100.42"
"2017-11-05T07:47:15 -0800","6491582521","P01-7553026-6378980-C042345","98a1dbc91c77c7d9b916a64e5f79af96","Capture","P01-7553026-6378980","","","USD","","34.40","-0.83","-0.30","-1.13","33.27"
"2017-11-05T07:51:53 -0800","6491582521","P01-8767885-3496779-C038745","6eb2bdf4dc2a15b255c5b931133aa4b9","Capture","P01-8767885-3496779","","","USD","","43.35","-1.04","-0.30","-1.34","42.01"
"2017-11-05T07:57:35 -0800","6491582521","P01-4039004-2923403-C033824","f1571824b0d3de1cb3b2d3454a391201","Capture","P01-4039004-2923403","","","USD","","40.26","-0.97","-0.30","-1.27","38.99"
"2017-11-05T08:07:45 -0800","6491582521","P01-1790254-3550426-C030074","7b8758c52098db98ad7a886d11158445","Capture","P01-1790254-3550426","","","USD","","18.80","-0.45","-0.30","-0.75","18.05"
"2017-11-05T08:15:56 -0800","6491582521","P01-9071930-6501821-C081386","64e2b76a1fd1059169a3b80e8a0d95ff","Capture","P01-9071930-6501821","","","USD","","8.00","-0.23","-0.05","-0.28","7.72"
"2017-11-05T08:20:44 -0800","6491582521","P01-7646742-8126518-C037441","ab4fadf2b2570e626e6f6a371eddf327","Capture","P01-7646742-8126518","","","USD","","62.90","-1.51","-0.30","-1.81","61.09"
"2017-11-05T08:21:57 -0800","6491582521","P01-7655593-5460301-C023896","e9e12ce5b6edf8910b1539f9036ace70","Capture","P01-7655593-5460301","","","USD","","29.00","-0.70","-0.30","-1.00","28.00"
"2017-11-05T08:33:57 -0800","6491582521","P01-6010183-1849673-C044758","f104b543a7182d6fe53460d4bad367cc","Capture","P01-6010183-1849673","","","USD","","25.00","-0.85","-0.30","-1.15","23.85"
"2017-11-05T08:34:13 -0800","6491582521","P01-4087430-9314769-C020381","ed7ed30fee6bc53251fcf4ac857901a2","Capture","P01-4087430-9314769","","","USD","","13.95","-0.33","-0.30","-0.63","13.32"
"2017-11-05T08:52:23 -0800","6491582521","P01-6074882-0071254-C094999","7991efdb632a27976b0577cd424b06b2","Capture","P01-6074882-0071254","","","USD","","14.05","-0.34","-0.30","-0.64","13.41"
"2017-11-05T08:57:16 -0800","6491582521","P01-3953459-6945766-C098773","81955404959b846d0b16e8a1be4dd6bf","Capture","P01-3953459-6945766","","","USD","","23.80","-0.57","-0.30","-0.87","22.93"
"2017-11-05T08:57:30 -0800","6491582521","P01-6518444-0345091-C080314","8ed7ca7e5a059b4df6ec92508be6b6ba","Capture","P01-6518444-0345091","","","USD","","11.00","-0.26","-0.30","-0.56","10.44"
"2017-11-05T08:59:38 -0800","6491582521","P01-2247949-9885167-C005017","ea4d9ff59b8c4547273ec68e5e9a2b36","Capture","P01-2247949-9885167","","","USD","","34.80","-0.84","-0.30","-1.14","33.66"
"2017-11-05T09:06:12 -0800","6491582521","P01-0686680-5600443-C067551","a17d8a609a4f76dbacefc2d79618228c","Capture","P01-0686680-5600443","","","USD","","14.05","-0.34","-0.30","-0.64","13.41"
"2017-11-05T09:17:59 -0800","6491582521","P01-0278083-7332766-C061253","630c52af6955d98d669bf4aea283eac2","Capture","P01-0278083-7332766","","","USD","","73.49","-2.49","-0.30","-2.79","70.70"
"2017-11-05T09:45:15 -0800","6491582521","P01-9888682-6189385-C073953","d2b1e1c3dfd9578624bd38e7e3a86a8c","Capture","P01-9888682-6189385","","","USD","","43.89","-1.05","-0.30","-1.35","42.54"
"2017-11-05T09:56:24 -0800","6491582521","P01-8498459-2983205-C079084","2c41bf8719c92e9810c015ee3e6cb560","Capture","P01-8498459-2983205","","","USD","","54.10","-1.30","-0.30","-1.60","52.50"
"2017-11-05T10:05:03 -0800","6491582521","P01-7642771-8117455-C035885","855ddcbb7e31e80c079da3ae2467c5e9","Capture","P01-7642771-8117455","","","USD","","90.90","-2.18","-0.30","-2.48","88.42"
"2017-11-05T10:30:57 -0800","6492206491","P01-0442629-7451852-C087568","e9bc59d46e0d8f61301725ef8542eea3","Capture","P01-0442629-7451852","","","USD","","53.30","-1.28","-0.30","-1.58","51.72"
"2017-11-05T10:42:18 -0800","6492206491","","","Reserve","","","","USD","Previous Reserve Balance","149.11","0","0","0","149.11"
"2017-11-05T10:42:18 -0800","6491582521","","","Reserve","","","","USD","Current Reserve Balance","-149.11","0","0","0","-149.11"
"2017-11-05T10:47:25 -0800","6492206491","P01-1461917-9427954-C054125","23165643259532b5d6c8ba12a59213b6","Capture","P01-1461917-9427954","","","USD","","137.70","-3.30","-0.30","-3.60","134.10"
"2017-11-05T12:26:01 -0800","6492206491","P01-7503934-0121270-C066689","65ca471af56b5140b9411bc7ed510028","Capture","P01-7503934-0121270","","","USD","","178.52","-4.28","-0.30","-4.58","173.94"
"2017-11-05T12:33:03 -0800","6492206491","P01-8060325-5933583-C038720","dfe056d452741c87d5d750cb4ff5c8a2","Capture","P01-8060325-5933583","","","USD","","53.96","-1.30","-0.30","-1.60","52.36"
"2017-11-05T12:56:42 -0800","6492206491","P01-6710072-3881866-C072710","7b97b445c462e1092b6e1fd27ae27743","Capture","P01-6710072-3881866","","","USD","","94.21","-2.26","-0.30","-2.56","91.65"
"2017-11-05T13:03:08 -0800","6492206491","P01-4331663-3498489-C025260","d97b4db6672488c7a58b50434ebc9479","Capture","P01-4331663-3498489","","","USD","","276.54","-9.41","-0.30","-9.71","266.83"
"2017-11-05T13:04:15 -0800","6492206491","P01-1197692-4388909-C092052","c319fc4487276218a516d6c68b11be9f","Capture","P01-1197692-4388909","","","USD","","19.05","-0.46","-0.30","-0.76","18.29"
"2017-11-05T13:07:14 -0800","6492206491","P01-7651966-3810698-C027446","9f4d6fca1576fc1f0c7f72ecce5bf82a","Capture","P01-7651966-3810698","","","USD","","29.10","-0.70","-0.30","-1.00","28.10"
"2017-11-05T13:07:33 -0800","6492206491","P01-4563222-5480122-C007681","4042a89483d1850a1ded2a5afdfeb898","Capture","P01-4563222-5480122","","","USD","","65.85","-2.24","-0.30","-2.54","63.31"
"2017-11-05T13:08:26 -0800","6492206491","P01-0193993-2204959-C063057","bcbb4e91adf658fd3fc3a26bce1a2ab5","Capture","P01-0193993-2204959","","","USD","","29.10","-0.99","-0.30","-1.29","27.81"
"2017-11-05T13:20:56 -0800","6492206491","P01-2049522-0897194-C092938","2951dc6029a02d85797d6b2eac7d4ed4","Capture","P01-2049522-0897194","","","USD","","36.26","-0.87","-0.30","-1.17","35.09"
"2017-11-05T13:23:45 -0800","6492206491","P01-8761105-3895982-C040373","d60c3b39e78d44f666f3ecca77a362c2","Capture","P01-8761105-3895982","","","USD","","71.11","-1.71","-0.30","-2.01","69.10"
"2017-11-05T13:35:23 -0800","6492206491","P01-8052000-9900319-C046617","81f76f846569b254e4c68f6ba6f120c6","Capture","P01-8052000-9900319","","","USD","","401.00","-13.63","-0.30","-13.93","387.07"
"2017-11-05T13:44:41 -0800","6492206491","P01-0936182-8334887-C045010","77ce6f002e1bff1a22035cf3d5b84035","Capture","P01-0936182-8334887","","","USD","","67.10","-1.61","-0.30","-1.91","65.19"
"2017-11-05T13:48:59 -0800","6492206491","P01-1006982-4293988-C002479","bf31d23b612816dc1142ccd06a349427","Capture","P01-1006982-4293988","","","USD","","178.82","-4.29","-0.30","-4.59","174.23"
"2017-11-05T13:50:21 -0800","6492206491","P01-9718883-9613064-C076755","41e3d1572248f1a808e136c021dc75c4","Capture","P01-9718883-9613064","","","USD","","123.69","-2.97","-0.30","-3.27","120.42"
"2017-11-05T15:00:32 -0800","6492206491","","","Transfer","","","","USD","Disbursement_AccountEndingWithAndWithTraceId","-4,368.04","0","0","0","-4,368.04"
